Model,Accuracy@1
TF-IDF,0.5376088677751386
Sentence-BERT,0.4172604908946952
